candidate,season,kind,train_start_season,train_end_season,accuracy,accuracy_ci95_low,accuracy_ci95_high,balanced_accuracy,precision,recall,f1,brier_score,log_loss,roc_auc,expected_calibration_error,mean_confidence,fixture_accuracy,validation_rows,validation_matches,feature_set
recency_l1_logistic__prematch_core,2016,model,2014.0,2015.0,0.55,0.4609870795895338,0.6390129204104663,0.55,0.55,0.55,0.55,0.2681562120765352,0.7347736878383943,0.48638888888888887,0.12015953235650692,0.5865685101062226,0.55,120,60,prematch_core
regularized_logistic__prematch_core,2016,model,2011.0,2015.0,0.5333333333333333,0.44407100666097415,0.6225956600056926,0.5333333333333333,0.5333333333333333,0.5333333333333333,0.5333333333333333,0.2637188758056259,0.7294481059267468,0.5316666666666666,0.09344677259438908,0.6097349039821183,0.5333333333333333,120,60,prematch_core
regularized_logistic_with_identity__prematch_core,2016,model,2011.0,2015.0,0.5,0.41053864894082287,0.5894613510591771,0.5,0.5,0.5,0.5,0.26136190382329016,0.7219188638575057,0.5261111111111112,0.15504199817690176,0.599752861771276,0.5,120,60,prematch_core
shallow_random_forest__prematch_core,2016,model,2014.0,2015.0,0.4583333333333333,0.36918315313368577,0.5474835135329809,0.45833333333333337,0.4576271186440678,0.45,0.453781512605042,0.2649300645725599,0.7233291680129934,0.4486111111111111,0.12477810646917194,0.578147904228318,0.4666666666666667,120,60,prematch_core
recency_l1_logistic__toss_confirmed_xi,2016,model,2014.0,2015.0,0.48333333333333334,0.3939216968381839,0.5727449698284828,0.48333333333333334,0.48333333333333334,0.48333333333333334,0.48333333333333334,0.27120466580336106,0.7412970543234932,0.4702777777777778,0.11021140922895271,0.5935447425622862,0.48333333333333334,120,60,toss_confirmed_xi
regularized_logistic__toss_confirmed_xi,2016,model,2011.0,2015.0,0.4,0.3123461352820083,0.48765386471799177,0.4,0.4,0.4,0.4,0.2812327370729763,0.7707889875241017,0.4733333333333333,0.23399581664822466,0.6339958166482247,0.4,120,60,toss_confirmed_xi
regularized_logistic_with_identity__toss_confirmed_xi,2016,model,2011.0,2015.0,0.4166666666666667,0.32845658493833746,0.5048767483949959,0.4166666666666667,0.4166666666666667,0.4166666666666667,0.4166666666666667,0.2778080491046301,0.7580383470563973,0.46583333333333327,0.2261077729349934,0.6249169238362355,0.4166666666666667,120,60,toss_confirmed_xi
shallow_random_forest__toss_confirmed_xi,2016,model,2014.0,2015.0,0.43333333333333335,0.34467076032841854,0.5219959063382482,0.43333333333333335,0.43103448275862066,0.4166666666666667,0.423728813559322,0.26836153077796127,0.7302819290099533,0.4469444444444444,0.1564934792785242,0.5850242938424526,0.45,120,60,toss_confirmed_xi
baseline_recent_win_rate_diff,2016,baseline,,,0.525,0.43565054560882877,0.6143494543911713,0.525,0.5205479452054794,0.6333333333333333,0.5714285714285714,0.25000000000000006,0.6931555811001424,0.5249999999999999,0.02500000000000002,0.5499999999999999,0.5166666666666667,120,60,single_feature_baseline
baseline_season_win_rate_diff,2016,baseline,,,0.48333333333333334,0.3939216968381839,0.5727449698284828,0.4833333333333334,0.4861111111111111,0.5833333333333334,0.5303030303030303,0.25416666666666676,0.7015168600777318,0.4833333333333334,0.06666666666666664,0.5499999999999999,0.4666666666666667,120,60,single_feature_baseline
baseline_venue_win_rate_diff,2016,baseline,,,0.48333333333333334,0.3939216968381839,0.5727449698284828,0.48333333333333334,0.4857142857142857,0.5666666666666667,0.5230769230769231,0.25416666666666676,0.701516860077732,0.48333333333333334,0.06666666666666651,0.5499999999999999,0.5,120,60,single_feature_baseline
baseline_elo_expected_team_a,2016,baseline,,,0.5166666666666667,0.4272550301715173,0.6060783031618162,0.5166666666666667,0.5166666666666667,0.5166666666666667,0.5166666666666667,0.2648574545614606,0.7264050809815197,0.5147222222222222,0.09118315124607534,0.607849817912742,0.5166666666666667,120,60,single_feature_baseline
baseline_elo_home_expected_team_a,2016,baseline,,,0.5666666666666667,0.47800409366175184,0.6553292396715815,0.5666666666666667,0.5666666666666667,0.5666666666666667,0.5666666666666667,0.26532713088297716,0.7279065177401127,0.5188888888888888,0.09954261983247803,0.6110793694980968,0.5666666666666667,120,60,single_feature_baseline
recency_l1_logistic__prematch_core,2017,model,2015.0,2016.0,0.5517241379310345,0.46122160246293153,0.6422266733991374,0.5517241379310345,0.5517241379310345,0.5517241379310345,0.5517241379310345,0.24295984065056006,0.6790198698730807,0.6284185493460168,0.02088231086509784,0.5308418270659366,0.5517241379310345,116,58,prematch_core
regularized_logistic__prematch_core,2017,model,2012.0,2016.0,0.5517241379310345,0.46122160246293153,0.6422266733991374,0.5517241379310345,0.5517241379310345,0.5517241379310345,0.5517241379310345,0.25302270594729714,0.7009709370219427,0.5517241379310345,0.051803614702711664,0.6035277526337461,0.5517241379310345,116,58,prematch_core
regularized_logistic_with_identity__prematch_core,2017,model,2012.0,2016.0,0.5517241379310345,0.46122160246293153,0.6422266733991374,0.5517241379310345,0.5517241379310345,0.5517241379310345,0.5517241379310345,0.24863209798111757,0.6915879937570026,0.5784780023781213,0.04791707532692954,0.599641213257964,0.5517241379310345,116,58,prematch_core
shallow_random_forest__prematch_core,2017,model,2015.0,2016.0,0.6206896551724138,0.5323894578727079,0.7089898524721198,0.6206896551724137,0.6129032258064516,0.6551724137931034,0.6333333333333333,0.24381725266694773,0.6807197299648378,0.6108799048751486,0.0878808705720061,0.5328087846004077,0.6379310344827587,116,58,prematch_core
recency_l1_logistic__toss_confirmed_xi,2017,model,2015.0,2016.0,0.5344827586206896,0.4437086877825435,0.6252568294588357,0.5344827586206896,0.5344827586206896,0.5344827586206896,0.5344827586206896,0.24965012427213612,0.6925122002402435,0.5377526753864447,0.005981922615540397,0.54046468123623,0.5344827586206896,116,58,toss_confirmed_xi
regularized_logistic__toss_confirmed_xi,2017,model,2012.0,2016.0,0.5172413793103449,0.42630477643365455,0.6081779821870352,0.5172413793103449,0.5172413793103449,0.5172413793103449,0.5172413793103449,0.26746616999841605,0.7331724763195238,0.5214030915576694,0.10690274197279863,0.6241441212831433,0.5172413793103449,116,58,toss_confirmed_xi
regularized_logistic_with_identity__toss_confirmed_xi,2017,model,2012.0,2016.0,0.5,0.40900928429324457,0.5909907157067554,0.5,0.5,0.5,0.5,0.2602945497045902,0.7180093616512538,0.5466706302021402,0.1828924044513128,0.6195545843231506,0.5,116,58,toss_confirmed_xi
shallow_random_forest__toss_confirmed_xi,2017,model,2015.0,2016.0,0.5689655172413793,0.4788445057533124,0.6590865287294463,0.5689655172413792,0.5645161290322581,0.603448275862069,0.5833333333333334,0.24717568517855773,0.6874928223695427,0.5659928656361475,0.045283087027525475,0.5340838629574893,0.5689655172413793,116,58,toss_confirmed_xi
baseline_recent_win_rate_diff,2017,baseline,,,0.5517241379310345,0.46122160246293153,0.6422266733991374,0.5517241379310345,0.5428571428571428,0.6551724137931034,0.59375,0.24732758620689657,0.6877928297558951,0.5517241379310345,0.010344827586206713,0.5499999999999998,0.5,116,58,single_feature_baseline
baseline_season_win_rate_diff,2017,baseline,,,0.5086206896551724,0.41764349913848897,0.5995978801718558,0.5086206896551724,0.5072463768115942,0.603448275862069,0.5511811023622047,0.2516379310344828,0.6964424286982291,0.5086206896551724,0.04137931034482743,0.5499999999999998,0.46551724137931033,116,58,single_feature_baseline
baseline_venue_win_rate_diff,2017,baseline,,,0.5258620689655172,0.43499315244199144,0.616730985489043,0.5258620689655172,0.5254237288135594,0.5344827586206896,0.5299145299145299,0.24991379310344833,0.6929825891212955,0.5258620689655171,0.024137931034482682,0.5499999999999998,0.5344827586206896,116,58,single_feature_baseline
baseline_elo_expected_team_a,2017,baseline,,,0.5172413793103449,0.42630477643365455,0.6081779821870352,0.5172413793103449,0.5172413793103449,0.5172413793103449,0.5172413793103449,0.25750683750651493,0.7088322136538894,0.5261593341260404,0.08712138584953001,0.6043627651598746,0.5172413793103449,116,58,single_feature_baseline
baseline_elo_home_expected_team_a,2017,baseline,,,0.5344827586206896,0.4437086877825435,0.6252568294588357,0.5344827586206896,0.5344827586206896,0.5344827586206896,0.5344827586206896,0.2563869095547017,0.7060353450663397,0.5472651605231866,0.07810628122649123,0.6125890398471808,0.5344827586206896,116,58,single_feature_baseline
recency_l1_logistic__prematch_core,2018,model,2016.0,2017.0,0.5833333333333334,0.49512325160500414,0.6715434150616626,0.5833333333333334,0.5833333333333334,0.5833333333333334,0.5833333333333334,0.24442186502054158,0.6823864901446893,0.6325000000000001,0.06160820669380225,0.5382799941422076,0.5833333333333334,120,60,prematch_core
regularized_logistic__prematch_core,2018,model,2013.0,2017.0,0.5666666666666667,0.47800409366175184,0.6553292396715815,0.5666666666666667,0.5666666666666667,0.5666666666666667,0.5666666666666667,0.2519413061326347,0.7026730947978922,0.58,0.05748498771011132,0.6189426635457382,0.5666666666666667,120,60,prematch_core
regularized_logistic_with_identity__prematch_core,2018,model,2013.0,2017.0,0.5666666666666667,0.47800409366175184,0.6553292396715815,0.5666666666666667,0.5666666666666667,0.5666666666666667,0.5666666666666667,0.24735969725069076,0.693132798521905,0.6072222222222223,0.09291007764549841,0.6213432245820345,0.5666666666666667,120,60,prematch_core
shallow_random_forest__prematch_core,2018,model,2016.0,2017.0,0.6,0.5123461352820082,0.6876538647179917,0.6000000000000001,0.5967741935483871,0.6166666666666667,0.6065573770491803,0.2428882092690176,0.6788393373018505,0.6091666666666666,0.058793512633222245,0.5412064873667778,0.5833333333333334,120,60,prematch_core
recency_l1_logistic__toss_confirmed_xi,2018,model,2016.0,2017.0,0.5833333333333334,0.49512325160500414,0.6715434150616626,0.5833333333333334,0.5833333333333334,0.5833333333333334,0.5833333333333334,0.24442193455278513,0.6823866513011531,0.6325000000000001,0.06160851745694625,0.5382798403875092,0.5833333333333334,120,60,toss_confirmed_xi
regularized_logistic__toss_confirmed_xi,2018,model,2013.0,2017.0,0.5833333333333334,0.49512325160500414,0.6715434150616626,0.5833333333333334,0.5833333333333334,0.5833333333333334,0.5833333333333334,0.25903338663466874,0.7202653236856643,0.5708333333333334,0.10391952222805025,0.6294719915412114,0.5833333333333334,120,60,toss_confirmed_xi
regularized_logistic_with_identity__toss_confirmed_xi,2018,model,2013.0,2017.0,0.5666666666666667,0.47800409366175184,0.6553292396715815,0.5666666666666667,0.5666666666666667,0.5666666666666667,0.5666666666666667,0.2542281235403999,0.7096143965581487,0.5900000000000001,0.08250731473508907,0.628266889742464,0.5666666666666667,120,60,toss_confirmed_xi
shallow_random_forest__toss_confirmed_xi,2018,model,2016.0,2017.0,0.6083333333333333,0.5209970791412951,0.6956695875253714,0.6083333333333334,0.6101694915254238,0.6,0.6050420168067226,0.24022594050789753,0.6734406762677589,0.6416666666666667,0.06766397605677953,0.5406693572765539,0.6,120,60,toss_confirmed_xi
baseline_recent_win_rate_diff,2018,baseline,,,0.475,0.3856505456088287,0.5643494543911712,0.475,0.4805194805194805,0.6166666666666667,0.5401459854014599,0.2550000000000001,0.70318911587325,0.47500000000000003,0.07499999999999982,0.5499999999999999,0.48333333333333334,120,60,single_feature_baseline
baseline_season_win_rate_diff,2018,baseline,,,0.475,0.3856505456088287,0.5643494543911712,0.475,0.4805194805194805,0.6166666666666667,0.5401459854014599,0.25500000000000006,0.70318911587325,0.47500000000000003,0.07499999999999982,0.5499999999999999,0.48333333333333334,120,60,single_feature_baseline
baseline_venue_win_rate_diff,2018,baseline,,,0.65,0.5646593102129276,0.7353406897870725,0.65,0.640625,0.6833333333333333,0.6612903225806451,0.23750000000000007,0.6680717441673732,0.65,0.10000000000000006,0.5499999999999999,0.6666666666666666,120,60,single_feature_baseline
baseline_elo_expected_team_a,2018,baseline,,,0.55,0.4609870795895338,0.6390129204104663,0.55,0.55,0.55,0.55,0.25951914234904405,0.7138851590555624,0.5347222222222222,0.060873855229631,0.6067147277410514,0.55,120,60,single_feature_baseline
baseline_elo_home_expected_team_a,2018,baseline,,,0.5333333333333333,0.44407100666097415,0.6225956600056926,0.5333333333333333,0.5333333333333333,0.5333333333333333,0.5333333333333333,0.25293095072872335,0.699011830068912,0.5538888888888889,0.08871927314460216,0.6086996493346276,0.5333333333333333,120,60,single_feature_baseline
recency_l1_logistic__prematch_core,2019,model,2017.0,2018.0,0.543859649122807,0.4524280509792072,0.6352912472664068,0.543859649122807,0.543859649122807,0.543859649122807,0.543859649122807,0.24384093338846308,0.6805856974882043,0.5795629424438289,0.05890805581843307,0.5497355116388768,0.543859649122807,114,57,prematch_core
regularized_logistic__prematch_core,2019,model,2014.0,2018.0,0.5964912280701754,0.5064311816359484,0.6865512745044025,0.5964912280701754,0.5964912280701754,0.5964912280701754,0.5964912280701754,0.24413197727869834,0.6815052823220185,0.5958756540473993,0.06088814764194263,0.6063478513093391,0.5964912280701754,114,57,prematch_core
regularized_logistic_with_identity__prematch_core,2019,model,2014.0,2018.0,0.5789473684210527,0.4883133197042443,0.669581417137861,0.5789473684210527,0.5789473684210527,0.5789473684210527,0.5789473684210527,0.24732944002857535,0.6887637839171596,0.5887965527854724,0.047994628027059144,0.6108379879754572,0.5789473684210527,114,57,prematch_core
shallow_random_forest__prematch_core,2019,model,2017.0,2018.0,0.47368421052631576,0.38202601575727724,0.5653424052953543,0.47368421052631576,0.4727272727272727,0.45614035087719296,0.4642857142857143,0.2543364375251941,0.701837581023468,0.4967682363804248,0.0884742482532857,0.5609774535791139,0.47368421052631576,114,57,prematch_core
recency_l1_logistic__toss_confirmed_xi,2019,model,2017.0,2018.0,0.49122807017543857,0.39945678690593134,0.5829993534449458,0.49122807017543857,0.49122807017543857,0.49122807017543857,0.49122807017543857,0.24218818841318854,0.6769085163621152,0.5730994152046784,0.14285408678378853,0.552547333737918,0.49122807017543857,114,57,toss_confirmed_xi
regularized_logistic__toss_confirmed_xi,2019,model,2014.0,2018.0,0.5614035087719298,0.4703128624614917,0.6524941550823679,0.5614035087719298,0.5614035087719298,0.5614035087719298,0.5614035087719298,0.2417622122623227,0.6753996971331834,0.6001846722068329,0.06788675864965243,0.6068740881535726,0.5614035087719298,114,57,toss_confirmed_xi
regularized_logistic_with_identity__toss_confirmed_xi,2019,model,2014.0,2018.0,0.543859649122807,0.4524280509792072,0.6352912472664068,0.543859649122807,0.543859649122807,0.543859649122807,0.543859649122807,0.24445462992028671,0.6811883795510989,0.5955678670360112,0.10002523952396764,0.6094967916511231,0.543859649122807,114,57,toss_confirmed_xi
shallow_random_forest__toss_confirmed_xi,2019,model,2017.0,2018.0,0.47368421052631576,0.38202601575727724,0.5653424052953543,0.47368421052631576,0.4745762711864407,0.49122807017543857,0.4827586206896552,0.2501724143606038,0.6932500183088957,0.5155432440751,0.12180741366886642,0.5524587037188295,0.49122807017543857,114,57,toss_confirmed_xi
baseline_recent_win_rate_diff,2019,baseline,,,0.543859649122807,0.4524280509792072,0.6352912472664068,0.543859649122807,0.5362318840579711,0.6491228070175439,0.5873015873015873,0.24811403508771937,0.6893710021944964,0.543859649122807,0.01052631578947345,0.5499999999999998,0.5789473684210527,114,57,single_feature_baseline
baseline_season_win_rate_diff,2019,baseline,,,0.49122807017543857,0.39945678690593134,0.5829993534449458,0.49122807017543857,0.4931506849315068,0.631578947368421,0.5538461538461539,0.2533771929824562,0.6999326177451359,0.49122807017543857,0.0587719298245614,0.5499999999999998,0.5789473684210527,114,57,single_feature_baseline
baseline_venue_win_rate_diff,2019,baseline,,,0.5350877192982456,0.44352859154856406,0.6266468470479272,0.5350877192982456,0.5344827586206896,0.543859649122807,0.5391304347826087,0.2489912280701755,0.6911312714529363,0.5350877192982457,0.014912280701754349,0.5499999999999998,0.5263157894736842,114,57,single_feature_baseline
baseline_elo_expected_team_a,2019,baseline,,,0.5789473684210527,0.4883133197042443,0.669581417137861,0.5789473684210527,0.5789473684210527,0.5789473684210527,0.5789473684210527,0.2582930581179057,0.7125392156928407,0.5450907971683595,0.14648070163423357,0.6098487905728042,0.5789473684210527,114,57,single_feature_baseline
baseline_elo_home_expected_team_a,2019,baseline,,,0.5964912280701754,0.5064311816359484,0.6865512745044025,0.5964912280701754,0.5964912280701754,0.5964912280701754,0.5964912280701754,0.25502774684172147,0.7052152553935347,0.5650969529085873,0.13210040491345915,0.6181246887595906,0.5964912280701754,114,57,single_feature_baseline
recency_l1_logistic__prematch_core,2020,model,2018.0,2019.0,0.4107142857142857,0.3196013749935761,0.5018271964349953,0.4107142857142857,0.4107142857142857,0.4107142857142857,0.4107142857142857,0.2607508089346381,0.7148135841737024,0.36447704081632654,0.11772470483783745,0.5284389905521232,0.4107142857142857,112,56,prematch_core
regularized_logistic__prematch_core,2020,model,2015.0,2019.0,0.5,0.4073987041127393,0.5926012958872606,0.5,0.5,0.5,0.5,0.2646075098844237,0.7236875441808114,0.4559948979591837,0.06606905669738738,0.5660690566973875,0.5,112,56,prematch_core
regularized_logistic_with_identity__prematch_core,2020,model,2015.0,2019.0,0.5714285714285714,0.4797770575294546,0.6630800853276881,0.5714285714285714,0.5714285714285714,0.5714285714285714,0.5714285714285714,0.26455535608656106,0.7244590968236387,0.4885204081632653,0.16559101485979316,0.5727934628679419,0.5714285714285714,112,56,prematch_core
shallow_random_forest__prematch_core,2020,model,2018.0,2019.0,0.48214285714285715,0.38960063704845915,0.5746850772372551,0.48214285714285715,0.48148148148148145,0.4642857142857143,0.4727272727272727,0.252027738391772,0.6971993650909228,0.4882015306122449,0.06598764624495579,0.5343814712119891,0.48214285714285715,112,56,prematch_core
recency_l1_logistic__toss_confirmed_xi,2020,model,2018.0,2019.0,0.5714285714285714,0.4797770575294546,0.6630800853276881,0.5714285714285714,0.5714285714285714,0.5714285714285714,0.5714285714285714,0.25038663432725683,0.6943827093205235,0.5548469387755102,0.0780889968037459,0.5587855826693222,0.5714285714285714,112,56,toss_confirmed_xi
regularized_logistic__toss_confirmed_xi,2020,model,2015.0,2019.0,0.5892857142857143,0.4981728035650047,0.6803986250064239,0.5892857142857143,0.5892857142857143,0.5892857142857143,0.5892857142857143,0.2582040928529491,0.7147464934897468,0.5857780612244898,0.1343198363848235,0.588913196945794,0.5892857142857143,112,56,toss_confirmed_xi
regularized_logistic_with_identity__toss_confirmed_xi,2020,model,2015.0,2019.0,0.5892857142857143,0.4981728035650047,0.6803986250064239,0.5892857142857143,0.5892857142857143,0.5892857142857143,0.5892857142857143,0.2540945508471113,0.7056310491771595,0.5825892857142856,0.09501860158843425,0.5903042499663768,0.5892857142857143,112,56,toss_confirmed_xi
shallow_random_forest__toss_confirmed_xi,2020,model,2018.0,2019.0,0.5625,0.470625,0.654375,0.5625,0.5614035087719298,0.5714285714285714,0.5663716814159292,0.2481339917315695,0.6894109213002686,0.5538903061224489,0.04216880565247262,0.5433389666368756,0.5535714285714286,112,56,toss_confirmed_xi
baseline_recent_win_rate_diff,2020,baseline,,,0.5,0.4073987041127393,0.5926012958872606,0.5,0.5,0.5892857142857143,0.5409836065573771,0.25250000000000006,0.6981723484866961,0.5,0.04999999999999993,0.5499999999999999,0.4642857142857143,112,56,single_feature_baseline
baseline_season_win_rate_diff,2020,baseline,,,0.4375,0.345625,0.529375,0.4375,0.4492753623188406,0.5535714285714286,0.496,0.2587500000000001,0.7107142669530805,0.4375,0.11249999999999986,0.5499999999999999,0.48214285714285715,112,56,single_feature_baseline
baseline_venue_win_rate_diff,2020,baseline,,,0.4017857142857143,0.3109884641896899,0.4925829643817387,0.4017857142857143,0.4153846153846154,0.48214285714285715,0.4462809917355372,0.26232142857142865,0.7178810775053003,0.4017857142857143,0.14821428571428572,0.5499999999999999,0.42857142857142855,112,56,single_feature_baseline
baseline_elo_expected_team_a,2020,baseline,,,0.48214285714285715,0.38960063704845915,0.5746850772372551,0.48214285714285715,0.48214285714285715,0.48214285714285715,0.48214285714285715,0.2503252360422948,0.6947860161552938,0.5602678571428571,0.1458506524865294,0.6008029346637943,0.48214285714285715,112,56,single_feature_baseline
baseline_elo_home_expected_team_a,2020,baseline,,,0.48214285714285715,0.38960063704845915,0.5746850772372551,0.48214285714285715,0.48214285714285715,0.48214285714285715,0.48214285714285715,0.2503252360422948,0.6947860161552938,0.5602678571428571,0.1458506524865294,0.6008029346637943,0.48214285714285715,112,56,single_feature_baseline
recency_l1_logistic__prematch_core,2021,model,2019.0,2020.0,0.4915254237288136,0.40132207049576035,0.5817287769618668,0.4915254237288136,0.4915254237288136,0.4915254237288136,0.4915254237288136,0.25274824909440435,0.6985254926766197,0.5053145647802355,0.07237416804696693,0.5537680413160507,0.4915254237288136,118,59,prematch_core
regularized_logistic__prematch_core,2021,model,2016.0,2020.0,0.5423728813559322,0.45248111231206845,0.632264650399796,0.5423728813559322,0.5423728813559322,0.5423728813559322,0.5423728813559322,0.2491707226091968,0.6905099026971533,0.553289284688308,0.061001641747137215,0.5912512518594363,0.5423728813559322,118,59,prematch_core
regularized_logistic_with_identity__prematch_core,2021,model,2016.0,2020.0,0.4576271186440678,0.36773534960020404,0.5475188876879316,0.4576271186440678,0.4576271186440678,0.4576271186440678,0.4576271186440678,0.2537463332908887,0.7002095620853429,0.5259982763573685,0.1526059049900017,0.5970382944852568,0.4576271186440678,118,59,prematch_core
shallow_random_forest__prematch_core,2021,model,2019.0,2020.0,0.576271186440678,0.48711068158764237,0.6654316912937136,0.576271186440678,0.5789473684210527,0.559322033898305,0.5689655172413793,0.24768361668659736,0.688534937019345,0.5581729388106865,0.02970559509026143,0.547365550283481,0.576271186440678,118,59,prematch_core
recency_l1_logistic__toss_confirmed_xi,2021,model,2019.0,2020.0,0.576271186440678,0.48711068158764237,0.6654316912937136,0.576271186440678,0.576271186440678,0.576271186440678,0.576271186440678,0.238652025717379,0.6691161988002771,0.6107440390692329,0.033194461296123794,0.5845797204106873,0.576271186440678,118,59,toss_confirmed_xi
regularized_logistic__toss_confirmed_xi,2021,model,2016.0,2020.0,0.576271186440678,0.48711068158764237,0.6654316912937136,0.576271186440678,0.576271186440678,0.576271186440678,0.576271186440678,0.2391189215887166,0.6686060072094032,0.622234989945418,0.07480809461888126,0.6370449573268047,0.576271186440678,118,59,toss_confirmed_xi
regularized_logistic_with_identity__toss_confirmed_xi,2021,model,2016.0,2020.0,0.559322033898305,0.4697429328245406,0.6489011349720695,0.559322033898305,0.559322033898305,0.559322033898305,0.559322033898305,0.24482869091641465,0.6813959342193348,0.6029876472278081,0.09525584638901398,0.639919086645519,0.559322033898305,118,59,toss_confirmed_xi
shallow_random_forest__toss_confirmed_xi,2021,model,2019.0,2020.0,0.5677966101694916,0.47841348198650374,0.6571797383524793,0.5677966101694916,0.5666666666666667,0.576271186440678,0.5714285714285714,0.2469065816687894,0.6869993535832287,0.5693766159149669,0.0198628624543517,0.5503493182516432,0.5932203389830508,118,59,toss_confirmed_xi
baseline_recent_win_rate_diff,2021,baseline,,,0.4576271186440678,0.36773534960020404,0.5475188876879316,0.4576271186440678,0.4666666666666667,0.5932203389830508,0.5223880597014925,0.2567372881355932,0.7066753440571261,0.4576271186440678,0.0923728813559321,0.5499999999999998,0.4745762711864407,118,59,single_feature_baseline
baseline_season_win_rate_diff,2021,baseline,,,0.5423728813559322,0.45248111231206845,0.632264650399796,0.5423728813559322,0.5352112676056338,0.6440677966101694,0.5846153846153846,0.2482627118644068,0.6896693529162659,0.5423728813559322,0.010169491525423551,0.5499999999999998,0.5932203389830508,118,59,single_feature_baseline
baseline_venue_win_rate_diff,2021,baseline,,,0.4661016949152542,0.376092955400251,0.5561104344302574,0.46610169491525427,0.4696969696969697,0.5254237288135594,0.496,0.25588983050847464,0.70497474494304,0.46610169491525427,0.08389830508474566,0.5499999999999998,0.5254237288135594,118,59,single_feature_baseline
baseline_elo_expected_team_a,2021,baseline,,,0.5084745762711864,0.4182712230381332,0.5986779295042396,0.5084745762711864,0.5084745762711864,0.5084745762711864,0.5084745762711864,0.26322334377683937,0.7243825073099143,0.5320310255673657,0.09410109218924924,0.6025756684604356,0.5084745762711864,118,59,single_feature_baseline
baseline_elo_home_expected_team_a,2021,baseline,,,0.5084745762711864,0.4182712230381332,0.5986779295042396,0.5084745762711864,0.5084745762711864,0.5084745762711864,0.5084745762711864,0.26322334377683937,0.7243825073099143,0.5320310255673657,0.09410109218924924,0.6025756684604356,0.5084745762711864,118,59,single_feature_baseline
recency_l1_logistic__prematch_core,2022,model,2020.0,2021.0,0.4797297297297297,0.39924045108429657,0.5602190083751628,0.4797297297297297,0.48,0.4864864864864865,0.48322147651006714,0.25981377794237065,0.7138446074906907,0.49954346238130026,0.09974216773881782,0.5794718974685474,0.4864864864864865,148,74,prematch_core
regularized_logistic__prematch_core,2022,model,2017.0,2021.0,0.5608108108108109,0.4808533078592673,0.6407683137623544,0.5608108108108107,0.56,0.5675675675675675,0.5637583892617449,0.25517007378420803,0.7036243304699513,0.5305880204528852,0.10381892250645249,0.583251162892259,0.5675675675675675,148,74,prematch_core
regularized_logistic_with_identity__prematch_core,2022,model,2017.0,2021.0,0.49324324324324326,0.41269509512302077,0.5737913913634657,0.49324324324324326,0.49333333333333335,0.5,0.4966442953020134,0.2603099384002399,0.7141416776176803,0.4971694667640613,0.09153290317209066,0.5847761464153338,0.5,148,74,prematch_core
shallow_random_forest__prematch_core,2022,model,2020.0,2021.0,0.4864864864864865,0.4059604093758907,0.5670125635970824,0.4864864864864865,0.4857142857142857,0.4594594594594595,0.4722222222222222,0.2557345215333754,0.7049350125659977,0.48895178962746527,0.058398216771716256,0.5448847032582027,0.5,148,74,prematch_core
recency_l1_logistic__toss_confirmed_xi,2022,model,2020.0,2021.0,0.5540540540540541,0.47397067450930563,0.6341374335988025,0.5540540540540541,0.5540540540540541,0.5540540540540541,0.5540540540540541,0.2714893301927178,0.7418333336596473,0.5012783053323594,0.18133563259548766,0.6051222169871979,0.5540540540540541,148,74,toss_confirmed_xi
regularized_logistic__toss_confirmed_xi,2022,model,2017.0,2021.0,0.527027027027027,0.4465892945147355,0.6074647595393184,0.527027027027027,0.527027027027027,0.527027027027027,0.527027027027027,0.2677211398394612,0.7331784503693077,0.5162527392257121,0.10922794261365337,0.624534919920975,0.527027027027027,148,74,toss_confirmed_xi
regularized_logistic_with_identity__toss_confirmed_xi,2022,model,2017.0,2021.0,0.5135135135135135,0.43298743640291765,0.5940395906241094,0.5135135135135135,0.5135135135135135,0.5135135135135135,0.5135135135135135,0.26562153914150544,0.7263501702224182,0.5036523009495983,0.10351412120193161,0.61332604989325,0.5135135135135135,148,74,toss_confirmed_xi
shallow_random_forest__toss_confirmed_xi,2022,model,2020.0,2021.0,0.5067567567567568,0.4262086086365343,0.5873049048769793,0.5067567567567568,0.5066666666666667,0.5135135135135135,0.5100671140939598,0.2537360744377354,0.7009162018360536,0.5226442658875091,0.05911070298395994,0.5658674597407167,0.5135135135135135,148,74,toss_confirmed_xi
baseline_recent_win_rate_diff,2022,baseline,,,0.47297297297297297,0.39253524046068156,0.5534107054852644,0.472972972972973,0.4782608695652174,0.5945945945945946,0.5301204819277109,0.2552027027027027,0.7035958807964838,0.472972972972973,0.07702702702702688,0.5499999999999998,0.47297297297297297,148,74,single_feature_baseline
baseline_season_win_rate_diff,2022,baseline,,,0.5608108108108109,0.4808533078592673,0.6407683137623544,0.5608108108108109,0.550561797752809,0.6621621621621622,0.6012269938650306,0.2464189189189189,0.6859694007896733,0.5608108108108109,0.010810810810810936,0.5499999999999998,0.581081081081081,148,74,single_feature_baseline
baseline_venue_win_rate_diff,2022,baseline,,,0.5202702702702703,0.43978099162483714,0.6007595489157034,0.5202702702702703,0.5168539325842697,0.6216216216216216,0.5644171779141104,0.25047297297297294,0.6941046992543551,0.5202702702702703,0.029729729729729596,0.5499999999999998,0.5405405405405406,148,74,single_feature_baseline
baseline_elo_expected_team_a,2022,baseline,,,0.39864864864864863,0.31976545093827463,0.4775318463590226,0.3986486486486487,0.4,0.40540540540540543,0.40268456375838924,0.2804961568131414,0.7558285167850235,0.3392074506939372,0.16889401317836605,0.5675426618270145,0.40540540540540543,148,74,single_feature_baseline
baseline_elo_home_expected_team_a,2022,baseline,,,0.38513513513513514,0.3067341314991293,0.46353613877114097,0.38513513513513514,0.38666666666666666,0.3918918918918919,0.38926174496644295,0.2798971388620038,0.7546167966871303,0.34596420745069395,0.1819099431046367,0.5670450782397718,0.3918918918918919,148,74,single_feature_baseline
recency_l1_logistic__prematch_core,2023,model,2021.0,2022.0,0.589041095890411,0.5092321382810603,0.6688500534997617,0.589041095890411,0.589041095890411,0.589041095890411,0.589041095890411,0.2559996350269377,0.7073433724496073,0.5470069431413023,0.0975781074092418,0.5833207061180645,0.589041095890411,146,73,prematch_core
regularized_logistic__prematch_core,2023,model,2018.0,2022.0,0.5616438356164384,0.48115721356046914,0.6421304576724076,0.5616438356164384,0.5616438356164384,0.5616438356164384,0.5616438356164384,0.26203542021670617,0.7226892970572522,0.5421279789829235,0.15236231611135007,0.621918476426274,0.5616438356164384,146,73,prematch_core
regularized_logistic_with_identity__prematch_core,2023,model,2018.0,2022.0,0.547945205479452,0.46721357030860733,0.6286768406502967,0.547945205479452,0.547945205479452,0.547945205479452,0.547945205479452,0.25627723228149013,0.7099100585215162,0.5674610621129668,0.0688394058885149,0.616784611367967,0.547945205479452,146,73,prematch_core
shallow_random_forest__prematch_core,2023,model,2021.0,2022.0,0.4657534246575342,0.38483851652626455,0.5466683327888039,0.4657534246575342,0.4657534246575342,0.4657534246575342,0.4657534246575342,0.26036790402426685,0.7141640682935962,0.42672171139050485,0.07959804972980905,0.5453514743873434,0.4520547945205479,146,73,prematch_core
recency_l1_logistic__toss_confirmed_xi,2023,model,2021.0,2022.0,0.5616438356164384,0.48115721356046914,0.6421304576724076,0.5616438356164384,0.5616438356164384,0.5616438356164384,0.5616438356164384,0.25783837208243454,0.7119865893359925,0.5503846875586413,0.05701574340927998,0.5843688223308318,0.5616438356164384,146,73,toss_confirmed_xi
regularized_logistic__toss_confirmed_xi,2023,model,2018.0,2022.0,0.589041095890411,0.5092321382810603,0.6688500534997617,0.589041095890411,0.589041095890411,0.589041095890411,0.589041095890411,0.2503001561140088,0.7001270903507222,0.6021767686245074,0.05432180254933763,0.6228632835873625,0.589041095890411,146,73,toss_confirmed_xi
regularized_logistic_with_identity__toss_confirmed_xi,2023,model,2018.0,2022.0,0.6301369863013698,0.5518269218752467,0.7084470507274929,0.6301369863013698,0.6301369863013698,0.6301369863013698,0.6301369863013698,0.2485680976697039,0.6967304972264081,0.6113717395383749,0.08804075256470534,0.6135446945378616,0.6301369863013698,146,73,toss_confirmed_xi
shallow_random_forest__toss_confirmed_xi,2023,model,2021.0,2022.0,0.4520547945205479,0.3713231593497032,0.5327864296913926,0.4520547945205479,0.4507042253521127,0.4383561643835616,0.4444444444444444,0.2583854076441893,0.7101943986758035,0.46181272283730535,0.10061767023526696,0.5526724647558149,0.4520547945205479,146,73,toss_confirmed_xi
baseline_recent_win_rate_diff,2023,baseline,,,0.4246575342465753,0.3444782314574014,0.5048368370357492,0.4246575342465753,0.4444444444444444,0.6027397260273972,0.5116279069767442,0.26003424657534246,0.7132913734872692,0.4246575342465753,0.1253424657534246,0.5499999999999999,0.4383561643835616,146,73,single_feature_baseline
baseline_season_win_rate_diff,2023,baseline,,,0.4246575342465753,0.3444782314574014,0.5048368370357492,0.4246575342465753,0.43956043956043955,0.547945205479452,0.4878048780487805,0.26003424657534246,0.713291373487269,0.4246575342465753,0.12534246575342456,0.5499999999999999,0.410958904109589,146,73,single_feature_baseline
baseline_venue_win_rate_diff,2023,baseline,,,0.4794520547945205,0.3984151949615977,0.5604889146274433,0.4794520547945205,0.4819277108433735,0.547945205479452,0.5128205128205128,0.25455479452054797,0.7022957189413978,0.4794520547945205,0.07054794520547938,0.5499999999999999,0.4794520547945205,146,73,single_feature_baseline
baseline_elo_expected_team_a,2023,baseline,,,0.5342465753424658,0.4533316672111961,0.6151614834737354,0.5342465753424658,0.5342465753424658,0.5342465753424658,0.5342465753424658,0.2551100956359047,0.7041251207598371,0.5263651717020079,0.05039483245643931,0.5846414077989052,0.5342465753424658,146,73,single_feature_baseline
baseline_elo_home_expected_team_a,2023,baseline,,,0.4794520547945205,0.3984151949615977,0.5604889146274433,0.4794520547945205,0.4794520547945205,0.4794520547945205,0.4794520547945205,0.2647384876632324,0.7243342430089456,0.4805779696003002,0.10872887832957574,0.5881809331240964,0.4794520547945205,146,73,single_feature_baseline
recency_l1_logistic__prematch_core,2024,model,2022.0,2023.0,0.49295774647887325,0.4107261308595551,0.5751893620981914,0.49295774647887325,0.49295774647887325,0.49295774647887325,0.49295774647887325,0.2526014291969966,0.6980010496833654,0.5139853203729419,0.08260864063772977,0.5687794836697577,0.49295774647887325,142,71,prematch_core
regularized_logistic__prematch_core,2024,model,2019.0,2023.0,0.49295774647887325,0.4107261308595551,0.5751893620981914,0.49295774647887325,0.49295774647887325,0.49295774647887325,0.49295774647887325,0.26153263775197483,0.7185870739775935,0.5286649474310652,0.13112388923484206,0.6148362415296756,0.49295774647887325,142,71,prematch_core
regularized_logistic_with_identity__prematch_core,2024,model,2019.0,2023.0,0.4647887323943662,0.38275313997547344,0.5468243248132589,0.4647887323943662,0.4647887323943662,0.4647887323943662,0.4647887323943662,0.2694561767040349,0.7343419575357041,0.4905772664153938,0.15434197986463055,0.6143120726127598,0.4647887323943662,142,71,prematch_core
shallow_random_forest__prematch_core,2024,model,2022.0,2023.0,0.49295774647887325,0.4107261308595551,0.5751893620981914,0.49295774647887325,0.4927536231884058,0.4788732394366197,0.4857142857142857,0.25304662297231983,0.6992752441559513,0.48244395953183883,0.044252055735225546,0.5372098022140989,0.4647887323943662,142,71,prematch_core
recency_l1_logistic__toss_confirmed_xi,2024,model,2022.0,2023.0,0.5352112676056338,0.45317567518674096,0.6172468600245266,0.5352112676056338,0.5352112676056338,0.5352112676056338,0.5352112676056338,0.2515229780549273,0.6961780601228115,0.5344177742511407,0.05421215275190476,0.5735433083392042,0.5352112676056338,142,71,toss_confirmed_xi
regularized_logistic__toss_confirmed_xi,2024,model,2019.0,2023.0,0.49295774647887325,0.4107261308595551,0.5751893620981914,0.49295774647887325,0.49295774647887325,0.49295774647887325,0.49295774647887325,0.26623338716994155,0.7333132977661223,0.5314421741717914,0.13408672342146674,0.62704446990034,0.49295774647887325,142,71,toss_confirmed_xi
regularized_logistic_with_identity__toss_confirmed_xi,2024,model,2019.0,2023.0,0.4647887323943662,0.38275313997547344,0.5468243248132589,0.4647887323943662,0.4647887323943662,0.4647887323943662,0.4647887323943662,0.2738028057291607,0.7488626647984415,0.48740329299742113,0.15466515912240292,0.6194538915167692,0.4647887323943662,142,71,toss_confirmed_xi
shallow_random_forest__toss_confirmed_xi,2024,model,2022.0,2023.0,0.4014084507042254,0.32078331744153854,0.4820335839669122,0.4014084507042254,0.4,0.39436619718309857,0.3971631205673759,0.2567898277476934,0.706781265125165,0.4058718508232494,0.13020053305634377,0.5316089837605692,0.4084507042253521,142,71,toss_confirmed_xi
baseline_recent_win_rate_diff,2024,baseline,,,0.5492957746478874,0.4674566749480855,0.6311348743476892,0.5492957746478873,0.5393258426966292,0.676056338028169,0.6,0.24757042253521128,0.6882801311047589,0.5492957746478874,0.012676056338028045,0.5499999999999997,0.5915492957746479,142,71,single_feature_baseline
baseline_season_win_rate_diff,2024,baseline,,,0.5140845070422535,0.4318773687610634,0.5962916453234436,0.5140845070422535,0.5119047619047619,0.6056338028169014,0.5548387096774193,0.25109154929577465,0.6953460006632854,0.5140845070422535,0.0359154929577464,0.5499999999999997,0.5070422535211268,142,71,single_feature_baseline
baseline_venue_win_rate_diff,2024,baseline,,,0.5563380281690141,0.4746219763507132,0.638054079987315,0.5563380281690141,0.5555555555555556,0.5633802816901409,0.5594405594405595,0.24686619718309855,0.6868669571930536,0.5563380281690141,0.0063380281690141455,0.5499999999999997,0.5633802816901409,142,71,single_feature_baseline
baseline_elo_expected_team_a,2024,baseline,,,0.49295774647887325,0.4107261308595551,0.5751893620981914,0.49295774647887325,0.49295774647887325,0.49295774647887325,0.49295774647887325,0.27166081911833545,0.7410526086467064,0.4810553461614759,0.1037073797694248,0.596665126248298,0.49295774647887325,142,71,single_feature_baseline
baseline_elo_home_expected_team_a,2024,baseline,,,0.5492957746478874,0.4674566749480855,0.6311348743476892,0.5492957746478874,0.5492957746478874,0.5492957746478874,0.5492957746478874,0.26631135277869766,0.7299310602447715,0.5100178536004761,0.11438395492056948,0.6049821267634675,0.5492957746478874,142,71,single_feature_baseline
recency_l1_logistic__prematch_core,2025,model,2023.0,2024.0,0.6714285714285714,0.5936236872631155,0.7492334555940272,0.6714285714285714,0.6714285714285714,0.6714285714285714,0.6714285714285714,0.23026836018408017,0.6530913475520039,0.7042857142857142,0.11382317094543935,0.5576054004831321,0.6714285714285714,140,70,prematch_core
regularized_logistic__prematch_core,2025,model,2020.0,2024.0,0.6285714285714286,0.5485314385664317,0.7086114185764254,0.6285714285714286,0.6285714285714286,0.6285714285714286,0.6285714285714286,0.24534737873436185,0.6872889895831076,0.6208163265306121,0.10230937147392369,0.5976964113487326,0.6285714285714286,140,70,prematch_core
regularized_logistic_with_identity__prematch_core,2025,model,2020.0,2024.0,0.6,0.5188482902213392,0.6811517097786608,0.6,0.6,0.6,0.6,0.2427569097798638,0.6805954267662968,0.6281632653061224,0.06446374243702241,0.5921067167247165,0.6,140,70,prematch_core
shallow_random_forest__prematch_core,2025,model,2023.0,2024.0,0.6214285714285714,0.5410830675095593,0.7017740753475836,0.6214285714285714,0.6164383561643836,0.6428571428571429,0.6293706293706294,0.2445881889987153,0.6823461855717691,0.6387755102040815,0.09201474748360108,0.5294138239449704,0.6142857142857143,140,70,prematch_core
recency_l1_logistic__toss_confirmed_xi,2025,model,2023.0,2024.0,0.7142857142857143,0.6394525665502355,0.7891188620211931,0.7142857142857143,0.7142857142857143,0.7142857142857143,0.7142857142857143,0.2313541180386971,0.6554449858173329,0.7048979591836735,0.15674878668769,0.5575369275980243,0.7142857142857143,140,70,toss_confirmed_xi
regularized_logistic__toss_confirmed_xi,2025,model,2020.0,2024.0,0.6285714285714286,0.5485314385664317,0.7086114185764254,0.6285714285714286,0.6285714285714286,0.6285714285714286,0.6285714285714286,0.2429184858427673,0.6827605534028669,0.6261224489795918,0.10108451540601571,0.6391172302055034,0.6285714285714286,140,70,toss_confirmed_xi
regularized_logistic_with_identity__toss_confirmed_xi,2025,model,2020.0,2024.0,0.6142857142857143,0.5336532146345191,0.6949182139369096,0.6142857142857143,0.6142857142857143,0.6142857142857143,0.6142857142857143,0.23896278220983086,0.6728409327278181,0.6344897959183673,0.07999802934443413,0.6195312573027213,0.6142857142857143,140,70,toss_confirmed_xi
shallow_random_forest__toss_confirmed_xi,2025,model,2023.0,2024.0,0.6571428571428571,0.5785146179409012,0.7357710963448131,0.6571428571428571,0.6617647058823529,0.6428571428571429,0.6521739130434783,0.24476241877896113,0.682681965458545,0.6253061224489797,0.12703705872015617,0.530105798422701,0.6857142857142857,140,70,toss_confirmed_xi
baseline_recent_win_rate_diff,2025,baseline,,,0.6285714285714286,0.5485314385664317,0.7086114185764254,0.6285714285714286,0.6097560975609756,0.7142857142857143,0.6578947368421053,0.23964285714285713,0.6723718304987051,0.6285714285714287,0.07857142857142867,0.5499999999999998,0.5714285714285714,140,70,single_feature_baseline
baseline_season_win_rate_diff,2025,baseline,,,0.5642857142857143,0.48214802500728376,0.6464234035641448,0.5642857142857143,0.550561797752809,0.7,0.6163522012578616,0.24607142857142858,0.6852720894927007,0.5642857142857143,0.014285714285714417,0.5499999999999998,0.5428571428571428,140,70,single_feature_baseline
baseline_venue_win_rate_diff,2025,baseline,,,0.4142857142857143,0.3326866946837608,0.49588473388766785,0.41428571428571426,0.4166666666666667,0.42857142857142855,0.4225352112676056,0.26107142857142857,0.7153726938120233,0.4142857142857143,0.13571428571428568,0.5499999999999998,0.42857142857142855,140,70,single_feature_baseline
baseline_elo_expected_team_a,2025,baseline,,,0.45714285714285713,0.37462255661020033,0.539663157675514,0.45714285714285713,0.45714285714285713,0.45714285714285713,0.45714285714285713,0.2678905697136745,0.7312705544010077,0.47551020408163264,0.13112971211471386,0.588272569257571,0.45714285714285713,140,70,single_feature_baseline
baseline_elo_home_expected_team_a,2025,baseline,,,0.4142857142857143,0.3326866946837608,0.49588473388766785,0.4142857142857143,0.4142857142857143,0.4142857142857143,0.4142857142857143,0.2802952867581229,0.7574184046304931,0.4181632653061224,0.17878790633727573,0.59307362062299,0.4142857142857143,140,70,single_feature_baseline
recency_l1_logistic__prematch_core,2026,model,2024.0,2025.0,0.43478260869565216,0.29152391205597294,0.5780413053353314,0.43478260869565216,0.43478260869565216,0.43478260869565216,0.43478260869565216,0.2601506393833781,0.7139402875391502,0.4725897920604915,0.17151353879708167,0.5599465581931538,0.43478260869565216,46,23,prematch_core
regularized_logistic__prematch_core,2026,model,2021.0,2025.0,0.34782608695652173,0.21018758329991247,0.48546459061313096,0.34782608695652173,0.34782608695652173,0.34782608695652173,0.34782608695652173,0.28882591178055356,0.7734729084196389,0.32136105860113423,0.2369846822203382,0.5848107691768598,0.34782608695652173,46,23,prematch_core
regularized_logistic_with_identity__prematch_core,2026,model,2021.0,2025.0,0.43478260869565216,0.29152391205597294,0.5780413053353314,0.43478260869565216,0.43478260869565216,0.43478260869565216,0.43478260869565216,0.2782033819367129,0.751117310980569,0.3856332703213611,0.1510769795018472,0.5858595881974993,0.43478260869565216,46,23,prematch_core
shallow_random_forest__prematch_core,2026,model,2024.0,2025.0,0.5869565217391305,0.4446653333965717,0.7292477100816892,0.5869565217391304,0.5909090909090909,0.5652173913043478,0.5777777777777777,0.25063560689538095,0.6945538429480197,0.5519848771266541,0.058806844435137146,0.5281496773039932,0.5652173913043478,46,23,prematch_core
recency_l1_logistic__toss_confirmed_xi,2026,model,2024.0,2025.0,0.43478260869565216,0.29152391205597294,0.5780413053353314,0.43478260869565216,0.43478260869565216,0.43478260869565216,0.43478260869565216,0.26062043384491723,0.7149269621188177,0.4499054820415879,0.1362641964044029,0.5600723492336648,0.43478260869565216,46,23,toss_confirmed_xi
regularized_logistic__toss_confirmed_xi,2026,model,2021.0,2025.0,0.391304347826087,0.2502668507791245,0.5323418448730495,0.391304347826087,0.391304347826087,0.391304347826087,0.391304347826087,0.28354060200947373,0.7648370219854981,0.39886578449905485,0.20562888248113564,0.5969332303072227,0.391304347826087,46,23,toss_confirmed_xi
regularized_logistic_with_identity__toss_confirmed_xi,2026,model,2021.0,2025.0,0.391304347826087,0.2502668507791245,0.5323418448730495,0.391304347826087,0.391304347826087,0.391304347826087,0.391304347826087,0.26907578510257796,0.7354535232275575,0.4706994328922496,0.21025130735606481,0.6015556551821517,0.391304347826087,46,23,toss_confirmed_xi
shallow_random_forest__toss_confirmed_xi,2026,model,2024.0,2025.0,0.5652173913043478,0.4219586946646685,0.708476087944027,0.5652173913043479,0.5555555555555556,0.6521739130434783,0.6,0.24848625009086453,0.6902310235046464,0.5992438563327033,0.03565237100179955,0.5295650203025484,0.5652173913043478,46,23,toss_confirmed_xi
baseline_recent_win_rate_diff,2026,baseline,,,0.5652173913043478,0.4219586946646685,0.708476087944027,0.5652173913043478,0.5517241379310345,0.6956521739130435,0.6153846153846154,0.2459782608695653,0.6850851292174255,0.5652173913043479,0.015217391304347733,0.55,0.5652173913043478,46,23,single_feature_baseline
baseline_season_win_rate_diff,2026,baseline,,,0.6086956521739131,0.4676581551269505,0.7497331492208756,0.6086956521739131,0.5806451612903226,0.782608695652174,0.6666666666666666,0.2416304347826088,0.6763603163712449,0.6086956521739131,0.058695652173912996,0.55,0.6086956521739131,46,23,single_feature_baseline
baseline_venue_win_rate_diff,2026,baseline,,,0.5,0.3555068829682008,0.6444931170317991,0.5,0.5,0.5217391304347826,0.5106382978723404,0.25250000000000006,0.6981723484866961,0.5,0.0500000000000001,0.55,0.4782608695652174,46,23,single_feature_baseline
baseline_elo_expected_team_a,2026,baseline,,,0.5217391304347826,0.37738264995083104,0.6660956109187341,0.5217391304347826,0.5217391304347826,0.5217391304347826,0.5217391304347826,0.24302386536181014,0.6778347446405667,0.5519848771266541,0.13947605581429773,0.5714229262699414,0.5217391304347826,46,23,single_feature_baseline
baseline_elo_home_expected_team_a,2026,baseline,,,0.4782608695652174,0.33390438908126585,0.622617350049169,0.4782608695652174,0.4782608695652174,0.4782608695652174,0.4782608695652174,0.2464059218039212,0.6840243538481069,0.553875236294896,0.1492802555329944,0.5836190704918047,0.4782608695652174,46,23,single_feature_baseline
